{"cameraMode":{"drawMode":0,"name":"Shaded","section":"Shading Mode"},"sceneLighting":false,"audioPlay":false,"sceneViewState":{"m_AlwaysRefresh":false,"showFog":true,"showSkybox":false,"showFlares":true,"showImageEffects":true,"showParticleSystems":true,"showVisualEffectGraphs":true,"m_FxEnabled":true},"in2DMode":false,"pivot":{"x":12.829999923706055,"y":0.5649999976158142,"z":-0.12999987602233888},"rotation":{"x":0.02169203944504261,"y":0.2652181386947632,"z":-0.005968431010842323,"w":0.963925302028656},"size":2.7727017402648927,"orthographic":false}